"Grupo"	"Nombre"	"Offset"	"Bytes"	"Mascara"
"Collections"	"KF GS Know It All House"	"0x0EA8"	"4"	"0x00000002"
"Collections"	"KF GS Bean Patch"	"0x0EA8"	"4"	"0x00000001"
"Collections"	"KF GS House of Twins"	"0x0EA8"	"4"	"0x00000004"
"Collections"	"LW GS Bean Patch Near Bridge"	"0x0EA8"	"4"	"0x00000100"
"Collections"	"LW GS Bean Patch Near Theater"	"0x0EA8"	"4"	"0x00000200"
"Collections"	"LW GS Above Theater"	"0x0EA8"	"4"	"0x00000400"
"Collections"	"SFM GS"	"0x0EA8"	"4"	"0x00000800"
"Collections"	"HF GS Cow Grotto"	"0x0EA4"	"4"	"0x00010000"
"Collections"	"HF GS Near Kak Grotto"	"0x0EA4"	"4"	"0x00020000"
"Collections"	"Market GS Guard House"	"0x0EA8"	"4"	"0x00080000"
"Collections"	"HC GS Tree"	"0x0EA8"	"4"	"0x00040000"
"Collections"	"HC GS Storms Grotto"	"0x0EA8"	"4"	"0x00020000"
"Collections"	"LLR GS House Window"	"0x0EA4"	"4"	"0x04000000"
"Collections"	"LLR GS Tree"	"0x0EA4"	"4"	"0x08000000"
"Collections"	"LLR GS Rain Shed"	"0x0EA4"	"4"	"0x02000000"
"Collections"	"LLR GS Back Wall"	"0x0EA4"	"4"	"0x01000000"
"Collections"	"Kak GS Tree"	"0x0EAC"	"4"	"0x00000020"
"Collections"	"Kak GS Near Gate Guard"	"0x0EAC"	"4"	"0x00000002"
"Collections"	"Kak GS Watchtower"	"0x0EAC"	"4"	"0x00000004"
"Collections"	"Kak GS Skulltula House"	"0x0EAC"	"4"	"0x00000010"
"Collections"	"Kak GS House Under Construction"	"0x0EAC"	"4"	"0x00000008"
"Collections"	"Kak GS Above Impas House"	"0x0EAC"	"4"	"0x00000040"
"Collections"	"Graveyard GS Bean Patch"	"0x0EAC"	"4"	"0x00000001"
"Collections"	"Graveyard GS Wall"	"0x0EAC"	"4"	"0x00000080"
"Collections"	"DMT GS Near Kak"	"0x0EA8"	"4"	"0x04000000"
"Collections"	"DMT GS Bean Patch"	"0x0EA8"	"4"	"0x02000000"
"Collections"	"DMT GS Above Dodongos Cavern"	"0x0EA8"	"4"	"0x08000000"
"Collections"	"DMT GS Falling Rocks Path"	"0x0EA8"	"4"	"0x10000000"
"Collections"	"GC GS Center Platform"	"0x0EA8"	"4"	"0x20000000"
"Collections"	"GC GS Boulder Maze"	"0x0EA8"	"4"	"0x40000000"
"Collections"	"DMC GS Crate"	"0x0EA8"	"4"	"0x80000000"
"Collections"	"DMC GS Bean Patch"	"0x0EA8"	"4"	"0x01000000"
"Collections"	"ZR GS Tree"	"0x0EAC"	"4"	"0x00000200"
"Collections"	"ZR GS Ladder"	"0x0EAC"	"4"	"0x00000100"
"Collections"	"ZR GS Near Raised Grottos"	"0x0EAC"	"4"	"0x00001000"
"Collections"	"ZR GS Above Bridge"	"0x0EAC"	"4"	"0x00000800"
"Collections"	"ZD GS Frozen Waterfall"	"0x0EAC"	"4"	"0x00004000"
"Collections"	"ZF GS Above the Log"	"0x0EAC"	"4"	"0x00000400"
"Collections"	"ZF GS Tree"	"0x0EAC"	"4"	"0x00008000"
"Collections"	"ZF GS Hidden Cave"	"0x0EAC"	"4"	"0x00002000"
"Collections"	"LH GS Bean Patch"	"0x0EAC"	"4"	"0x00010000"
"Collections"	"LH GS Lab Wall"	"0x0EAC"	"4"	"0x00040000"
"Collections"	"LH GS Small Island"	"0x0EAC"	"4"	"0x00020000"
"Collections"	"LH GS Lab Crate"	"0x0EAC"	"4"	"0x00080000"
"Collections"	"LH GS Tree"	"0x0EAC"	"4"	"0x00100000"
"Collections"	"GV GS Small Bridge"	"0x0EAC"	"4"	"0x02000000"
"Collections"	"GV GS Bean Patch"	"0x0EAC"	"4"	"0x01000000"
"Collections"	"GV GS Behind Tent"	"0x0EAC"	"4"	"0x08000000"
"Collections"	"GV GS Pillar"	"0x0EAC"	"4"	"0x04000000"
"Collections"	"GF GS Top Floor"	"0x0EB0"	"4"	"0x00000002"
"Collections"	"GF GS Archery Range"	"0x0EB0"	"4"	"0x00000001"
"Collections"	"Wasteland GS"	"0x0EB0"	"4"	"0x00000200"
"Collections"	"Colossus GS Bean Patch"	"0x0EB0"	"4"	"0x00000100"
"Collections"	"Colossus GS Tree"	"0x0EB0"	"4"	"0x00000800"
"Collections"	"Colossus GS Hill"	"0x0EB0"	"4"	"0x00000400"
"Collections"	"OGC GS"	"0x0EA8"	"4"	"0x00010000"
"Collections"	"Deku Tree GS Compass Room"	"0x0E9C"	"4"	"0x00000008"
"Collections"	"Deku Tree GS Basement Vines"	"0x0E9C"	"4"	"0x00000004"
"Collections"	"Deku Tree GS Basement Gate"	"0x0E9C"	"4"	"0x00000002"
"Collections"	"Deku Tree GS Basement Back Room"	"0x0E9C"	"4"	"0x00000001"
"Collections"	"Dodongos Cavern GS Side Room Near Lower Lizalfos"	"0x0E9C"	"4"	"0x00001000"
"Collections"	"Dodongos Cavern GS Scarecrow"	"0x0E9C"	"4"	"0x00000200"
"Collections"	"Dodongos Cavern GS Alcove Above Stairs"	"0x0E9C"	"4"	"0x00000400"
"Collections"	"Dodongos Cavern GS Vines Above Stairs"	"0x0E9C"	"4"	"0x00000100"
"Collections"	"Dodongos Cavern GS Back Room"	"0x0E9C"	"4"	"0x00000800"
"Collections"	"Jabu Jabus Belly GS Water Switch Room"	"0x0E9C"	"4"	"0x00080000"
"Collections"	"Jabu Jabus Belly GS Lobby Basement Lower"	"0x0E9C"	"4"	"0x00010000"
"Collections"	"Jabu Jabus Belly GS Lobby Basement Upper"	"0x0E9C"	"4"	"0x00020000"
"Collections"	"Jabu Jabus Belly GS Near Boss"	"0x0E9C"	"4"	"0x00040000"
"Collections"	"Bottom of the Well GS West Inner Room"	"0x0EA4"	"4"	"0x00000004"
"Collections"	"Bottom of the Well GS East Inner Room"	"0x0EA4"	"4"	"0x00000002"
"Collections"	"Bottom of the Well GS Like Like Cage"	"0x0EA4"	"4"	"0x00000001"
"Collections"	"Forest Temple GS First Room"	"0x0E9C"	"4"	"0x02000000"
"Collections"	"Forest Temple GS Lobby"	"0x0E9C"	"4"	"0x08000000"
"Collections"	"Forest Temple GS Raised Island Courtyard"	"0x0E9C"	"4"	"0x01000000"
"Collections"	"Forest Temple GS Level Island Courtyard"	"0x0E9C"	"4"	"0x04000000"
"Collections"	"Forest Temple GS Basement"	"0x0E9C"	"4"	"0x10000000"
"Collections"	"Fire Temple GS Boss Key Loop"	"0x0EA0"	"4"	"0x00000002"
"Collections"	"Fire Temple GS Song of Time Room"	"0x0EA0"	"4"	"0x00000001"
"Collections"	"Fire Temple GS Boulder Maze"	"0x0EA0"	"4"	"0x00000004"
"Collections"	"Fire Temple GS Scarecrow Climb"	"0x0EA0"	"4"	"0x00000010"
"Collections"	"Fire Temple GS Scarecrow Top"	"0x0EA0"	"4"	"0x00000008"
"Collections"	"Water Temple GS Behind Gate"	"0x0EA0"	"4"	"0x00000100"
"Collections"	"Water Temple GS Near Boss Key Chest"	"0x0EA0"	"4"	"0x00000800"
"Collections"	"Water Temple GS Central Pillar"	"0x0EA0"	"4"	"0x00000400"
"Collections"	"Water Temple GS Falling Platform Room"	"0x0EA0"	"4"	"0x00000200"
"Collections"	"Water Temple GS River"	"0x0EA0"	"4"	"0x00001000"
"Collections"	"Shadow Temple GS Invisible Blades Room"	"0x0EA0"	"4"	"0x08000000"
"Collections"	"Shadow Temple GS Falling Spikes Room"	"0x0EA0"	"4"	"0x02000000"
"Collections"	"Shadow Temple GS Single Giant Pot"	"0x0EA0"	"4"	"0x01000000"
"Collections"	"Shadow Temple GS Near Ship"	"0x0EA0"	"4"	"0x10000000"
"Collections"	"Shadow Temple GS Triple Giant Pot"	"0x0EA0"	"4"	"0x04000000"
"Collections"	"Spirit Temple GS Metal Fence"	"0x0EA0"	"4"	"0x00100000"
"Collections"	"Spirit Temple GS Sun on Floor Room"	"0x0EA0"	"4"	"0x00080000"
"Collections"	"Spirit Temple GS Hall After Sun Block Room"	"0x0EA0"	"4"	"0x00010000"
"Collections"	"Spirit Temple GS Lobby"	"0x0EA0"	"4"	"0x00040000"
"Collections"	"Spirit Temple GS Boulder Room"	"0x0EA0"	"4"	"0x00020000"
"Collections"	"Ice Cavern GS Spinning Scythe Room"	"0x0EA4"	"4"	"0x00000200"
"Collections"	"Ice Cavern GS Heart Piece Room"	"0x0EA4"	"4"	"0x00000400"
"Collections"	"Ice Cavern GS Push Block Room"	"0x0EA4"	"4"	"0x00000100"
"Collections"	"LW Ocarina Memory Game"	"0x0EF2"	"2"	"0x00000080"
"Collections"	"LW Skull Kid"	"0x0EF2"	"2"	"0x00000040"
"Collections"	"HF Tektite Grotto Freestanding PoH"	"0x07A8"	"4"	"0x00000002"
"Collections"	"HF Deku Scrub Grotto"	"0x0EF0"	"2"	"0x00000800"
"Collections"	"Market Bombchu Bowling Second Prize"	"0x0EF2"	"2"	"0x00000004"
"Collections"	"Market Lost Dog"	"0x0F2A"	"2"	"0x00000002"
"Collections"	"Market Treasure Chest Game Reward"	"0x0EF2"	"2"	"0x00000800"
"Collections"	"LLR Freestanding PoH"	"0x0930"	"4"	"0x00000002"
"Collections"	"Kak Impas House Freestanding PoH"	"0x06E4"	"4"	"0x00000002"
"Collections"	"Kak Windmill Freestanding PoH"	"0x08C0"	"4"	"0x00000002"
"Collections"	"Kak Man on Roof"	"0x0EF2"	"2"	"0x00000020"
"Collections"	"Kak 50 Gold Skulltula Reward"	"0x0EEE"	"2"	"0x00004000"
"Collections"	"Graveyard Heart Piece Grave Chest"	"0x07B8"	"4"	"0x00000001"
"Collections"	"Graveyard Freestanding PoH"	"0x09F4"	"4"	"0x00000010"
"Collections"	"Graveyard Dampe Gravedigging Tour"	"0x0EF2"	"2"	"0x00001000"
"Collections"	"Graveyard Dampe Race Freestanding PoH"	"0x08C0"	"4"	"0x00000080"
"Collections"	"DMT Freestanding PoH"	"0x0B60"	"4"	"0x40000000"
"Collections"	"GC Pot Freestanding PoH"	"0x0B98"	"4"	"0x80000000"
"Collections"	"DMC Volcano Freestanding PoH"	"0x0B7C"	"4"	"0x00000100"
"Collections"	"DMC Wall Freestanding PoH"	"0x0B7C"	"4"	"0x00000004"
"Collections"	"ZR Frogs in the Rain"	"0x0EEE"	"2"	"0x00000040"
"Collections"	"ZR Frogs Ocarina Game"	"0x0EEE"	"2"	"0x00000001"
"Collections"	"ZR Near Open Grotto Freestanding PoH"	"0x0A10"	"4"	"0x00000010"
"Collections"	"ZR Near Domain Freestanding PoH"	"0x0A10"	"4"	"0x00000800"
"Collections"	"ZD Chest"	"0x0A74"	"4"	"0x00000001"
"Collections"	"ZF Iceberg Freestanding PoH"	"0x0A9C"	"4"	"0x00000002"
"Collections"	"ZF Bottom Freestanding PoH"	"0x0A9C"	"4"	"0x00100000"
"Collections"	"LH Child Fishing"	"0x0EC0"	"4"	"0x00000400"
"Collections"	"LH Lab Dive"	"0x0EF2"	"2"	"0x00000001"
"Collections"	"LH Freestanding PoH"	"0x0A64"	"4"	"0x40000000"
"Collections"	"GV Crate Freestanding PoH"	"0x0AB8"	"4"	"0x00000004"
"Collections"	"GV Waterfall Freestanding PoH"	"0x0AB8"	"4"	"0x00000002"
"Collections"	"GF Chest"	"0x0B00"	"4"	"0x00000001"
"Collections"	"GF HBA 1000 Points"	"0x0F2A"	"2"	"0x00000001"
"Collections"	"Colossus Freestanding PoH"	"0x0AF0"	"4"	"0x00002000"
"Collections"	"Ice Cavern Freestanding PoH"	"0x01DC"	"4"	"0x00000002"
"Hearts"	"Contenedor: Gohma"	"0x02BC"	"4"	"0x80000000"
"Hearts"	"Contenedor: King Dodongo"	"0x02D8"	"4"	"0x80000000"
"Hearts"	"Contenedor: Barinade"	"0x02F4"	"4"	"0x80000000"
"Hearts"	"Contenedor: Phantom Ganon"	"0x0310"	"4"	"0x80000000"
"Hearts"	"Contenedor: Volvagia"	"0x032C"	"4"	"0x80000000"
"Hearts"	"Contenedor: Morpha"	"0x0348"	"4"	"0x80000000"
"Hearts"	"Contenedor: Twinrova"	"0x0364"	"4"	"0x80000000"
"Hearts"	"Contenedor: Bongo Bongo"	"0x0380"	"4"	"0x80000000"
"Rewards"	"Bolos: bolsa de bombas"	"0x0EF2"	"2"	"0x00000002"
"Rewards"	"Tiro infantil"	"0x0EF0"	"2"	"0x00002000"
"Rewards"	"Tiro adulto"	"0x0EF0"	"2"	"0x00004000"
"Rewards"	"Tiro a caballo: carcaj"	"0x0EF0"	"2"	"0x00008000"
"Rewards"	"Teatro: palos"	"0x0EF2"	"2"	"0x00004000"
"Rewards"	"Teatro: nueces"	"0x0EF2"	"2"	"0x00008000"
"Rewards"	"Mercader: palos"	"0x0F2A"	"2"	"0x00000004"
"Rewards"	"Mercader: nueces"	"0x0F2A"	"2"	"0x00000008"
"Rewards"	"Ranas: Zelda"	"0x0EEE"	"2"	"0x00000002"
"Rewards"	"Ranas: Epona"	"0x0EEE"	"2"	"0x00000004"
"Rewards"	"Ranas: Sol"	"0x0EEE"	"2"	"0x00000008"
"Rewards"	"Ranas: Saria"	"0x0EEE"	"2"	"0x00000010"
"Rewards"	"Ranas: Tiempo"	"0x0EEE"	"2"	"0x00000020"
"Rewards"	"Skulltulas: premio 10"	"0x0EEE"	"2"	"0x00000400"
"Rewards"	"Skulltulas: premio 20"	"0x0EEE"	"2"	"0x00000800"
"Rewards"	"Skulltulas: premio 30"	"0x0EEE"	"2"	"0x00001000"
"Rewards"	"Skulltulas: premio 40"	"0x0EEE"	"2"	"0x00002000"
"Rewards"	"Carrera Malon: vaca"	"0x0ED6"	"2"	"0x00004000"
"Rewards"	"Buceo: escama de plata"	"0x0EDA"	"2"	"0x00000100"
"Rewards"	"Pesca adulta: Golden Scale"	"0x0EC0"	"4"	"0x00000800"
"BottleFlags"	"Botella Talon"	"0x0EF0"	"2"	"0x00000004"
"BottleFlags"	"Botella Anju"	"0x0EF0"	"2"	"0x00001000"
"BottleFlags"	"Carta de Ruto recogida"	"0x0EDA"	"2"	"0x00000002"
"BottleFlags"	"Carta entregada a Rey Zora"	"0x0EDA"	"2"	"0x00000008"
"MaskFlags"	"Venta Keaton"	"0x0EF6"	"2"	"0x00000100"
"MaskFlags"	"Venta calavera"	"0x0EF6"	"2"	"0x00000200"
"MaskFlags"	"Venta terror"	"0x0EF6"	"2"	"0x00000400"
"MaskFlags"	"Venta conejo"	"0x0EF6"	"2"	"0x00000800"
"MaskFlags"	"Deuda Keaton"	"0x0EE4"	"2"	"0x00001000"
"MaskFlags"	"Deuda calavera"	"0x0EE4"	"2"	"0x00002000"
"MaskFlags"	"Deuda terror"	"0x0EE4"	"2"	"0x00004000"
"MaskFlags"	"Deuda conejo"	"0x0EE4"	"2"	"0x00008000"
"MaskFlags"	"Máscara verdad obtenida"	"0x0EF6"	"2"	"0x00008000"
"Progress"	"Prueba Bosque"	"0x0EEA"	"2"	"0x00000800"
"Progress"	"Prueba Agua"	"0x0EEA"	"2"	"0x00001000"
"Progress"	"Prueba Sombras"	"0x0EEA"	"2"	"0x00002000"
"Progress"	"Prueba Fuego"	"0x0EEA"	"2"	"0x00004000"
"Progress"	"Prueba Luz"	"0x0EEA"	"2"	"0x00008000"
"Progress"	"Prueba Espíritu"	"0x0EE8"	"2"	"0x00002000"
"Progress"	"Barrera Torre disipada"	"0x0EEC"	"2"	"0x00000008"
"Progress"	"Espada Maestra obtenida"	"0x0EDC"	"2"	"0x00000020"
"Progress"	"Puerta del Tiempo abierta"	"0x0EDC"	"2"	"0x00000800"
"Progress"	"Puente arcoíris"	"0x0EDC"	"2"	"0x00002000"
"Progress"	"Pozo drenado"	"0x0EE0"	"2"	"0x00000080"
"Progress"	"Lago restaurado"	"0x0EE0"	"2"	"0x00000200"
"Progress"	"Bosque: medallón recibido"	"0x0EDC"	"2"	"0x00000100"
"Progress"	"Fuego: medallón recibido"	"0x0EDC"	"2"	"0x00000200"
"Progress"	"Agua: medallón recibido"	"0x0EDC"	"2"	"0x00000400"
"Progress"	"Carpintero 1"	"0x0EE6"	"2"	"0x00000001"
"Progress"	"Carpintero 2"	"0x0EE6"	"2"	"0x00000002"
"Progress"	"Carpintero 3"	"0x0EE6"	"2"	"0x00000004"
"Progress"	"Carpintero 4"	"0x0EE6"	"2"	"0x00000008"
"All"	"Graveyard Dampe Race Hookshot Chest"	"0x08B4"	"4"	"0x00000001"
"All"	"Deku Tree Slingshot Chest"	"0x00D4"	"4"	"0x00000002"
"All"	"Dodongos Cavern Bomb Bag Chest"	"0x00F0"	"4"	"0x00000010"
"All"	"Jabu Jabus Belly Boomerang Chest"	"0x010C"	"4"	"0x00000002"
"All"	"Bottom of the Well Lens of Truth Chest"	"0x01B4"	"4"	"0x00000008"
"All"	"Forest Temple Bow Chest"	"0x0128"	"4"	"0x00001000"
"All"	"Fire Temple Megaton Hammer Chest"	"0x0144"	"4"	"0x00000020"
"All"	"Water Temple Longshot Chest"	"0x0160"	"4"	"0x00000080"
"All"	"Gerudo Training Ground Maze Path Final Chest"	"0x0208"	"4"	"0x00001000"
"Equipment"	"KF Kokiri Sword Chest"	"0x0A20"	"4"	"0x00000001"
"Equipment"	"Shadow Temple Hover Boots Chest"	"0x0198"	"4"	"0x00000080"
"Equipment"	"Spirit Temple Mirror Shield Chest"	"0x0AE4"	"4"	"0x00000200"
"Equipment"	"Ice Cavern Iron Boots Chest"	"0x01D0"	"4"	"0x00000004"
"Upgrades"	"Spirit Temple Silver Gauntlets Chest"	"0x0AE4"	"4"	"0x00000800"
"Upgrades"	"Ganons Castle Shadow Trial Golden Gauntlets Chest"	"0x0240"	"4"	"0x00000020"
"Dungeons"	"Hideout 1 Torch Jail Gerudo Key"	"0x0230"	"4"	"0x00001000"
"Dungeons"	"Hideout 2 Torches Jail Gerudo Key"	"0x0230"	"4"	"0x00008000"
"Dungeons"	"Hideout 3 Torches Jail Gerudo Key"	"0x0230"	"4"	"0x00000400"
"Dungeons"	"Hideout 4 Torches Jail Gerudo Key"	"0x0230"	"4"	"0x00004000"
"Dungeons"	"Deku Tree Map Chest"	"0x00D4"	"4"	"0x00000008"
"Dungeons"	"Deku Tree Compass Chest"	"0x00D4"	"4"	"0x00000004"
"Dungeons"	"Dodongos Cavern Map Chest"	"0x00F0"	"4"	"0x00000100"
"Dungeons"	"Dodongos Cavern Compass Chest"	"0x00F0"	"4"	"0x00000020"
"Dungeons"	"Jabu Jabus Belly Map Chest"	"0x010C"	"4"	"0x00000004"
"Dungeons"	"Jabu Jabus Belly Compass Chest"	"0x010C"	"4"	"0x00000010"
"Dungeons"	"Bottom of the Well Front Left Fake Wall Chest"	"0x01B4"	"4"	"0x00000100"
"Dungeons"	"Bottom of the Well Freestanding Key"	"0x01C0"	"4"	"0x00000002"
"Dungeons"	"Bottom of the Well Compass Chest"	"0x01B4"	"4"	"0x00000002"
"Dungeons"	"Bottom of the Well Right Bottom Fake Wall Chest"	"0x01B4"	"4"	"0x00000020"
"Dungeons"	"Bottom of the Well Map Chest"	"0x01B4"	"4"	"0x00000080"
"Dungeons"	"Forest Temple First Room Chest"	"0x0128"	"4"	"0x00000008"
"Dungeons"	"Forest Temple First Stalfos Chest"	"0x0128"	"4"	"0x00000001"
"Dungeons"	"Forest Temple Map Chest"	"0x0128"	"4"	"0x00000002"
"Dungeons"	"Forest Temple Well Chest"	"0x0128"	"4"	"0x00000200"
"Dungeons"	"Forest Temple Boss Key Chest"	"0x0128"	"4"	"0x00004000"
"Dungeons"	"Forest Temple Floormaster Chest"	"0x0128"	"4"	"0x00000004"
"Dungeons"	"Forest Temple Red Poe Chest"	"0x0128"	"4"	"0x00002000"
"Dungeons"	"Forest Temple Blue Poe Chest"	"0x0128"	"4"	"0x00008000"
"Dungeons"	"Fire Temple Near Boss Chest"	"0x0144"	"4"	"0x00000002"
"Dungeons"	"Fire Temple Boss Key Chest"	"0x0144"	"4"	"0x00001000"
"Dungeons"	"Fire Temple Big Lava Room Lower Open Door Chest"	"0x0144"	"4"	"0x00000010"
"Dungeons"	"Fire Temple Big Lava Room Blocked Door Chest"	"0x0144"	"4"	"0x00000004"
"Dungeons"	"Fire Temple Boulder Maze Lower Chest"	"0x0144"	"4"	"0x00000008"
"Dungeons"	"Fire Temple Boulder Maze Side Room Chest"	"0x0144"	"4"	"0x00000100"
"Dungeons"	"Fire Temple Map Chest"	"0x0144"	"4"	"0x00000400"
"Dungeons"	"Fire Temple Boulder Maze Shortcut Chest"	"0x0144"	"4"	"0x00000800"
"Dungeons"	"Fire Temple Boulder Maze Upper Chest"	"0x0144"	"4"	"0x00000040"
"Dungeons"	"Fire Temple Compass Chest"	"0x0144"	"4"	"0x00000080"
"Dungeons"	"Fire Temple Highest Goron Chest"	"0x0144"	"4"	"0x00000200"
"Dungeons"	"Water Temple Compass Chest"	"0x0160"	"4"	"0x00000200"
"Dungeons"	"Water Temple Map Chest"	"0x0160"	"4"	"0x00000004"
"Dungeons"	"Water Temple Cracked Wall Chest"	"0x0160"	"4"	"0x00000001"
"Dungeons"	"Water Temple Torches Chest"	"0x0160"	"4"	"0x00000002"
"Dungeons"	"Water Temple Boss Key Chest"	"0x0160"	"4"	"0x00000020"
"Dungeons"	"Water Temple Central Pillar Chest"	"0x0160"	"4"	"0x00000040"
"Dungeons"	"Water Temple Central Bow Target Chest"	"0x0160"	"4"	"0x00000100"
"Dungeons"	"Water Temple River Chest"	"0x0160"	"4"	"0x00000008"
"Dungeons"	"Water Temple Dragon Chest"	"0x0160"	"4"	"0x00000400"
"Dungeons"	"Shadow Temple Map Chest"	"0x0198"	"4"	"0x00000002"
"Dungeons"	"Shadow Temple Compass Chest"	"0x0198"	"4"	"0x00000008"
"Dungeons"	"Shadow Temple Early Silver Rupee Chest"	"0x0198"	"4"	"0x00000004"
"Dungeons"	"Shadow Temple Falling Spikes Switch Chest"	"0x0198"	"4"	"0x00000010"
"Dungeons"	"Shadow Temple Freestanding Key"	"0x01A4"	"4"	"0x00000002"
"Dungeons"	"Shadow Temple After Wind Hidden Chest"	"0x0198"	"4"	"0x00100000"
"Dungeons"	"Shadow Temple Boss Key Chest"	"0x0198"	"4"	"0x00000800"
"Dungeons"	"Shadow Temple Invisible Floormaster Chest"	"0x0198"	"4"	"0x00002000"
"Dungeons"	"Spirit Temple Child Early Torches Chest"	"0x017C"	"4"	"0x00000001"
"Dungeons"	"Spirit Temple Map Chest"	"0x017C"	"4"	"0x00000008"
"Dungeons"	"Spirit Temple Sun Block Room Chest"	"0x017C"	"4"	"0x00000002"
"Dungeons"	"Spirit Temple Compass Chest"	"0x017C"	"4"	"0x00000010"
"Dungeons"	"Spirit Temple Early Adult Right Chest"	"0x017C"	"4"	"0x00000080"
"Dungeons"	"Spirit Temple Statue Room Hand Chest"	"0x017C"	"4"	"0x00000004"
"Dungeons"	"Spirit Temple Near Four Armos Chest"	"0x017C"	"4"	"0x00000020"
"Dungeons"	"Spirit Temple Boss Key Chest"	"0x017C"	"4"	"0x00000400"
"Dungeons"	"Ice Cavern Map Chest"	"0x01D0"	"4"	"0x00000001"
"Dungeons"	"Ice Cavern Compass Chest"	"0x01D0"	"4"	"0x00000002"
"Dungeons"	"Gerudo Training Ground Stalfos Chest"	"0x0208"	"4"	"0x00000001"
"Dungeons"	"Gerudo Training Ground Heavy Block Third Chest"	"0x0208"	"4"	"0x00100000"
"Dungeons"	"Gerudo Training Ground Eye Statue Chest"	"0x0208"	"4"	"0x00000008"
"Dungeons"	"Gerudo Training Ground Near Scarecrow Chest"	"0x0208"	"4"	"0x00000010"
"Dungeons"	"Gerudo Training Ground Hammer Room Switch Chest"	"0x0208"	"4"	"0x00010000"
"Dungeons"	"Gerudo Training Ground Freestanding Key"	"0x0214"	"4"	"0x00000002"
"Dungeons"	"Gerudo Training Ground Underwater Silver Rupee Chest"	"0x0208"	"4"	"0x00002000"
"Dungeons"	"Gerudo Training Ground Beamos Chest"	"0x0208"	"4"	"0x00000002"
"Dungeons"	"Gerudo Training Ground Hidden Ceiling Chest"	"0x0208"	"4"	"0x00000800"
"Dungeons"	"Ganons Castle Light Trial Invisible Enemies Chest"	"0x0240"	"4"	"0x00010000"
"Dungeons"	"Ganons Castle Light Trial Lullaby Chest"	"0x0240"	"4"	"0x00020000"
"Dungeons"	"Ganons Tower Boss Key Chest"	"0x01EC"	"4"	"0x00000800"
